latitude,longitude,elevation,utc_offset_seconds,timezone,timezone_abbreviation
41.862915,-87.64877,179.0,-18000,America/Chicago,GMT-5

time,weather_code (wmo code),temperature_2m_mean (°F),sunshine_duration (s),precipitation_sum (inch),rain_sum (inch),snowfall_sum (inch),precipitation_hours (h),wind_speed_10m_max (mp/h)
2024-01-01,71,31.2,29168.42,0.016,0.000,0.110,4.0,18.9
2024-01-02,3,29.2,23716.41,0.000,0.000,0.000,0.0,16.8
2024-01-03,3,32.2,6035.68,0.000,0.000,0.000,0.0,10.7
2024-01-04,3,29.3,29447.99,0.000,0.000,0.000,0.0,12.3
2024-01-05,3,29.0,25576.65,0.000,0.000,0.000,0.0,10.9
2024-01-06,73,31.7,0.00,0.205,0.004,1.406,21.0,10.2
2024-01-07,73,31.7,20136.00,0.047,0.000,0.331,6.0,13.2
2024-01-08,71,32.6,13414.45,0.008,0.004,0.028,2.0,16.3
2024-01-09,75,34.1,0.00,1.098,0.508,4.134,24.0,20.7
2024-01-10,73,31.2,6490.92,0.047,0.004,0.303,4.0,20.9
2024-01-11,71,30.3,28639.96,0.035,0.000,0.248,6.0,16.0
2024-01-12,75,33.7,0.00,0.898,0.394,3.528,16.0,28.0
2024-01-13,73,22.1,17132.03,0.091,0.004,0.634,14.0,22.9
2024-01-14,71,-5.8,31915.70,0.020,0.000,0.138,5.0,24.3
2024-01-15,3,-6.0,26767.58,0.000,0.000,0.000,0.0,15.7
2024-01-16,71,-1.7,33584.71,0.000,0.000,0.055,0.0,21.9
2024-01-17,71,10.2,31732.59,0.004,0.000,0.028,1.0,18.8
2024-01-18,71,19.9,21600.00,0.035,0.000,0.248,8.0,14.5
2024-01-19,73,11.3,20895.26,0.142,0.004,0.992,17.0,19.0
2024-01-20,3,10.4,32738.98,0.000,0.000,0.000,0.0,15.8
2024-01-21,3,11.2,33509.89,0.000,0.000,0.000,0.0,15.6
2024-01-22,71,27.9,3600.00,0.063,0.051,0.083,10.0,15.8
2024-01-23,61,32.8,0.00,0.358,0.358,0.000,15.0,9.1
2024-01-24,61,33.8,0.00,0.217,0.217,0.000,17.0,9.3
2024-01-25,61,36.1,4525.70,0.295,0.295,0.000,6.0,13.5
2024-01-26,61,36.5,0.00,0.374,0.374,0.000,15.0,13.6
2024-01-27,53,35.2,0.00,0.091,0.091,0.000,7.0,14.8
2024-01-28,53,35.3,11641.33,0.114,0.114,0.000,8.0,20.7
2024-01-29,3,33.5,34149.78,0.000,0.000,0.000,0.0,14.3
2024-01-30,73,35.6,7702.96,0.126,0.087,0.276,3.0,13.6
2024-01-31,3,35.8,35394.12,0.000,0.000,0.000,0.0,13.6
2024-02-01,2,38.1,35505.75,0.000,0.000,0.000,0.0,13.7
2024-02-02,3,34.5,29995.21,0.000,0.000,0.000,0.0,13.8
2024-02-03,0,32.3,35628.98,0.000,0.000,0.000,0.0,10.9
2024-02-04,3,32.9,35693.93,0.000,0.000,0.000,0.0,13.3
2024-02-05,3,33.6,35760.98,0.000,0.000,0.000,0.0,14.6
2024-02-06,3,34.4,33399.34,0.000,0.000,0.000,0.0,8.1
2024-02-07,3,36.8,16950.53,0.000,0.000,0.000,0.0,12.5
2024-02-08,3,48.6,35973.57,0.000,0.000,0.000,0.0,20.9
2024-02-09,3,46.4,36000.00,0.000,0.000,0.000,0.0,20.9
2024-02-10,3,34.0,35900.99,0.000,0.000,0.000,0.0,12.1
2024-02-11,3,31.5,32524.70,0.000,0.000,0.000,0.0,8.3
2024-02-12,3,31.6,36000.00,0.000,0.000,0.000,0.0,7.4
2024-02-13,3,32.2,36000.00,0.000,0.000,0.000,0.0,11.1
2024-02-14,3,33.5,36000.00,0.000,0.000,0.000,0.0,13.4
2024-02-15,75,37.3,33775.76,0.256,0.165,0.634,6.0,20.4
2024-02-16,71,28.3,0.00,0.031,0.000,0.220,8.0,13.3
2024-02-17,3,20.6,36012.33,0.000,0.000,0.000,0.0,22.2
2024-02-18,0,31.4,36294.67,0.000,0.000,0.000,0.0,21.7
2024-02-19,3,31.8,35306.34,0.000,0.000,0.000,0.0,9.6
2024-02-20,3,39.0,36215.62,0.000,0.000,0.000,0.0,14.9
2024-02-21,51,47.6,26944.00,0.004,0.004,0.000,1.0,16.7
2024-02-22,51,43.2,31819.58,0.008,0.008,0.000,2.0,9.8
2024-02-23,73,37.8,32383.72,0.110,0.004,0.744,6.0,24.1
2024-02-24,71,27.4,36378.48,0.012,0.000,0.083,3.0,23.6
2024-02-25,3,41.5,34974.45,0.000,0.000,0.000,0.0,16.3
2024-02-26,3,49.3,36829.84,0.000,0.000,0.000,0.0,16.8
2024-02-27,63,58.9,32318.81,0.220,0.220,0.000,2.0,17.5
2024-02-28,71,30.9,34477.98,0.012,0.008,0.028,3.0,23.2
2024-02-29,2,30.2,38771.67,0.000,0.000,0.000,0.0,16.1
2024-03-01,3,36.4,17586.81,0.000,0.000,0.000,0.0,15.3
2024-03-02,1,42.5,39202.02,0.000,0.000,0.000,0.0,13.3
2024-03-03,3,52.7,39437.71,0.000,0.000,0.000,0.0,22.6
2024-03-04,51,61.1,35765.29,0.012,0.012,0.000,1.0,20.1
2024-03-05,63,40.3,29887.17,0.563,0.563,0.000,10.0,21.6
2024-03-06,3,40.0,31378.83,0.000,0.000,0.000,0.0,16.6
2024-03-07,3,40.1,24363.41,0.000,0.000,0.000,0.0,14.3
2024-03-08,63,42.0,0.00,0.933,0.933,0.000,20.0,19.0
2024-03-09,51,39.5,31866.07,0.004,0.004,0.000,1.0,16.4
2024-03-10,0,34.8,41605.21,0.000,0.000,0.000,0.0,15.8
2024-03-11,3,45.5,41773.66,0.000,0.000,0.000,0.0,21.0
2024-03-12,3,55.7,36174.71,0.000,0.000,0.000,0.0,18.6
2024-03-13,63,49.5,39044.19,0.114,0.114,0.000,1.0,12.5
2024-03-14,65,47.4,19119.86,0.961,0.961,0.000,14.0,22.6
2024-03-15,3,38.9,40512.48,0.000,0.000,0.000,0.0,17.9
2024-03-16,3,45.9,40362.05,0.000,0.000,0.000,0.0,26.0
2024-03-17,71,35.2,22433.49,0.004,0.000,0.028,1.0,17.9
2024-03-18,3,30.2,40046.23,0.000,0.000,0.000,0.0,12.8
2024-03-19,3,39.8,39371.12,0.000,0.000,0.000,0.0,23.1
2024-03-20,2,35.0,43138.37,0.000,0.000,0.000,0.0,16.3
2024-03-21,3,31.7,39218.56,0.000,0.000,0.000,0.0,12.6
2024-03-22,75,34.5,16686.25,0.516,0.004,3.583,12.0,17.4
2024-03-23,73,32.4,39762.94,0.016,0.000,0.110,2.0,15.4
2024-03-24,3,37.4,20361.90,0.000,0.000,0.000,0.0,19.5
2024-03-25,63,51.0,2898.93,0.476,0.476,0.000,11.0,21.0
2024-03-26,63,48.2,28895.29,0.280,0.280,0.000,10.0,28.0
2024-03-27,3,35.3,39600.00,0.000,0.000,0.000,0.0,18.3
2024-03-28,3,38.2,36665.98,0.000,0.000,0.000,0.0,17.0
2024-03-29,63,38.4,39600.00,0.205,0.205,0.000,5.0,13.2
2024-03-30,63,47.0,39600.00,0.244,0.244,0.000,6.0,16.0
2024-03-31,63,39.7,28846.89,0.343,0.343,0.000,6.0,14.8
2024-04-01,63,43.1,25976.14,0.685,0.685,0.000,11.0,16.3
2024-04-02,55,43.7,11684.53,0.217,0.217,0.000,15.0,27.2
2024-04-03,73,36.0,0.00,0.398,0.217,1.268,22.0,20.6
2024-04-04,73,37.3,11263.83,0.106,0.067,0.276,7.0,22.2
2024-04-05,3,39.2,36985.83,0.000,0.000,0.000,0.0,19.3
2024-04-06,2,38.8,44121.77,0.000,0.000,0.000,0.0,11.6
2024-04-07,63,44.9,13622.68,0.449,0.449,0.000,6.0,18.5
2024-04-08,3,57.2,44649.21,0.000,0.000,0.000,0.0,17.0
2024-04-09,3,55.2,44602.70,0.000,0.000,0.000,0.0,13.8
2024-04-10,3,49.8,37903.92,0.000,0.000,0.000,0.0,9.6
2024-04-11,61,48.2,0.00,0.343,0.343,0.000,16.0,12.6
2024-04-12,61,51.4,39325.39,0.193,0.193,0.000,13.0,23.6
2024-04-13,3,53.9,45772.56,0.000,0.000,0.000,0.0,19.0
2024-04-14,3,62.1,45778.25,0.000,0.000,0.000,0.0,19.2
2024-04-15,3,53.8,46395.71,0.000,0.000,0.000,0.0,13.7
2024-04-16,65,57.8,34389.16,0.772,0.772,0.000,5.0,21.0
2024-04-17,53,61.8,34879.63,0.055,0.055,0.000,4.0,24.9
2024-04-18,61,49.3,19278.02,0.264,0.264,0.000,9.0,11.0
2024-04-19,3,48.0,46962.13,0.000,0.000,0.000,0.0,20.2
2024-04-20,3,40.5,31788.28,0.000,0.000,0.000,0.0,14.2
2024-04-21,3,43.6,47717.79,0.000,0.000,0.000,0.0,12.4
2024-04-22,3,51.5,42057.25,0.000,0.000,0.000,0.0,18.2
2024-04-23,53,55.5,20955.87,0.059,0.059,0.000,4.0,20.1
2024-04-24,3,39.1,36963.97,0.000,0.000,0.000,0.0,20.3
2024-04-25,3,42.6,45315.34,0.000,0.000,0.000,0.0,11.4
2024-04-26,55,50.8,23329.97,0.091,0.091,0.000,5.0,19.5
2024-04-27,53,67.9,27700.72,0.059,0.059,0.000,5.0,25.9
2024-04-28,61,68.0,23058.56,0.256,0.256,0.000,14.0,23.4
2024-04-29,63,65.1,29632.66,0.374,0.374,0.000,7.0,19.6
2024-04-30,3,59.2,49050.27,0.000,0.000,0.000,0.0,11.7
2024-05-01,55,65.6,49350.73,0.039,0.039,0.000,1.0,17.4
2024-05-02,61,61.8,40468.58,0.079,0.079,0.000,4.0,18.4
2024-05-03,55,57.4,31632.95,0.110,0.110,0.000,7.0,12.9
2024-05-04,51,60.5,46367.94,0.031,0.031,0.000,4.0,11.7
2024-05-05,3,53.2,49761.12,0.000,0.000,0.000,0.0,13.6
2024-05-06,3,54.9,41475.45,0.000,0.000,0.000,0.0,14.6
2024-05-07,63,61.9,30007.67,0.752,0.752,0.000,10.0,17.3
2024-05-08,3,62.3,49950.03,0.000,0.000,0.000,0.0,13.5
2024-05-09,63,53.3,13497.53,0.291,0.291,0.000,13.0,17.0
2024-05-10,51,55.5,46710.24,0.004,0.004,0.000,1.0,12.5
2024-05-11,61,55.8,50133.52,0.083,0.083,0.000,3.0,17.4
2024-05-12,53,63.0,50203.73,0.024,0.024,0.000,1.0,15.8
2024-05-13,63,66.9,42379.16,0.575,0.575,0.000,9.0,16.5
2024-05-14,61,54.8,33180.16,0.398,0.398,0.000,11.0,18.7
2024-05-15,3,53.3,50373.27,0.000,0.000,0.000,0.0,15.3
2024-05-16,53,61.2,40769.55,0.059,0.059,0.000,4.0,15.4
2024-05-17,3,61.1,49057.17,0.000,0.000,0.000,0.0,10.7
2024-05-18,51,68.6,49334.45,0.024,0.024,0.000,3.0,11.3
2024-05-19,3,63.9,50565.45,0.000,0.000,0.000,0.0,13.5
2024-05-20,53,71.1,43859.73,0.051,0.051,0.000,3.0,20.4
2024-05-21,51,73.6,46800.00,0.012,0.012,0.000,3.0,25.2
2024-05-22,1,69.3,50843.52,0.000,0.000,0.000,0.0,24.8
2024-05-23,3,67.0,51168.53,0.000,0.000,0.000,0.0,11.3
2024-05-24,61,69.5,30411.47,0.087,0.087,0.000,3.0,18.8
2024-05-25,3,63.7,51133.44,0.000,0.000,0.000,0.0,11.7
2024-05-26,63,63.3,12608.63,0.732,0.732,0.000,10.0,15.0
2024-05-27,51,63.0,30321.83,0.012,0.012,0.000,3.0,18.4
2024-05-28,63,60.3,44454.49,0.303,0.303,0.000,12.0,14.6
2024-05-29,61,56.1,48268.19,0.201,0.201,0.000,7.0,17.9
2024-05-30,1,55.0,52108.42,0.000,0.000,0.000,0.0,12.0
2024-05-31,3,63.4,49253.54,0.000,0.000,0.000,0.0,9.9
2024-06-01,63,63.8,11573.51,0.606,0.606,0.000,15.0,13.5
2024-06-02,3,61.8,48666.66,0.000,0.000,0.000,0.0,9.5
2024-06-03,3,70.6,48388.36,0.000,0.000,0.000,0.0,14.7
2024-06-04,63,73.7,31740.10,0.173,0.173,0.000,3.0,14.1
2024-06-05,63,71.7,28800.00,0.445,0.445,0.000,9.0,16.9
2024-06-06,51,69.6,49511.23,0.004,0.004,0.000,1.0,23.8
2024-06-07,3,66.4,47018.65,0.000,0.000,0.000,0.0,20.4
2024-06-08,55,64.1,33698.18,0.079,0.079,0.000,5.0,18.5
2024-06-09,3,65.3,48449.84,0.000,0.000,0.000,0.0,18.9
2024-06-10,3,57.1,47512.72,0.000,0.000,0.000,0.0,19.0
2024-06-11,3,63.4,43010.91,0.000,0.000,0.000,0.0,9.2
2024-06-12,3,76.8,48093.94,0.000,0.000,0.000,0.0,14.8
2024-06-13,61,77.7,41645.19,0.181,0.181,0.000,4.0,18.7
2024-06-14,3,69.3,52051.88,0.000,0.000,0.000,0.0,15.1
2024-06-15,3,72.8,46936.44,0.000,0.000,0.000,0.0,14.9
2024-06-16,51,79.6,46426.59,0.016,0.016,0.000,2.0,19.8
2024-06-17,51,84.9,51349.41,0.004,0.004,0.000,1.0,17.9
2024-06-18,61,82.4,38263.75,0.110,0.110,0.000,4.0,23.0
2024-06-19,3,84.3,50078.19,0.000,0.000,0.000,0.0,17.0
2024-06-20,61,71.2,49693.05,0.063,0.063,0.000,3.0,13.3
2024-06-21,2,77.8,51369.90,0.000,0.000,0.000,0.0,15.5
2024-06-22,51,85.6,39545.08,0.004,0.004,0.000,1.0,23.0
2024-06-23,61,74.2,50672.24,0.134,0.134,0.000,11.0,22.5
2024-06-24,3,74.6,50392.02,0.000,0.000,0.000,0.0,15.7
2024-06-25,63,80.6,32400.00,0.283,0.283,0.000,7.0,20.9
2024-06-26,53,76.5,32456.09,0.031,0.031,0.000,3.0,14.1
2024-06-27,3,64.6,48328.18,0.000,0.000,0.000,0.0,16.8
2024-06-28,61,69.0,3354.76,0.563,0.563,0.000,14.0,13.8
2024-06-29,61,78.8,45401.61,0.165,0.165,0.000,5.0,15.5
2024-06-30,3,62.4,51463.71,0.000,0.000,0.000,0.0,19.2
2024-07-01,3,63.9,49309.04,0.000,0.000,0.000,0.0,10.9
2024-07-02,51,72.5,38579.42,0.008,0.008,0.000,2.0,18.6
2024-07-03,63,78.6,38482.47,0.524,0.524,0.000,9.0,16.4
2024-07-04,51,73.8,11730.48,0.035,0.035,0.000,3.0,8.9
2024-07-05,55,73.7,50478.60,0.047,0.047,0.000,3.0,17.5
2024-07-06,51,70.0,50849.55,0.008,0.008,0.000,2.0,8.7
2024-07-07,65,73.2,43520.49,0.413,0.413,0.000,7.0,16.2
2024-07-08,51,77.4,44623.20,0.028,0.028,0.000,5.0,12.8
2024-07-09,63,71.9,2519.00,0.614,0.614,0.000,10.0,11.5
2024-07-10,63,70.4,36000.00,0.630,0.630,0.000,12.0,17.1
2024-07-11,3,69.2,45496.71,0.000,0.000,0.000,0.0,10.2
2024-07-12,0,71.5,50611.05,0.000,0.000,0.000,0.0,8.9
2024-07-13,63,76.7,46976.81,0.102,0.102,0.000,1.0,11.9
2024-07-14,65,78.1,30520.39,1.740,1.740,0.000,11.0,15.3
2024-07-15,65,78.9,39227.89,1.173,1.173,0.000,7.0,20.3
2024-07-16,63,76.8,47989.12,0.283,0.283,0.000,5.0,24.2
2024-07-17,51,71.8,50400.00,0.020,0.020,0.000,4.0,12.8
2024-07-18,51,66.3,50400.00,0.004,0.004,0.000,1.0,16.8
2024-07-19,3,67.5,50400.00,0.000,0.000,0.000,0.0,13.4
2024-07-20,3,69.9,47366.72,0.000,0.000,0.000,0.0,9.7
2024-07-21,3,71.0,46559.73,0.000,0.000,0.000,0.0,10.8
2024-07-22,51,71.3,48742.15,0.020,0.020,0.000,2.0,10.6
2024-07-23,55,73.6,44016.71,0.091,0.091,0.000,5.0,14.8
2024-07-24,51,69.4,47108.51,0.028,0.028,0.000,7.0,11.5
2024-07-25,0,68.4,50400.00,0.000,0.000,0.000,0.0,10.8
2024-07-26,0,69.9,50400.00,0.000,0.000,0.000,0.0,9.0
2024-07-27,3,73.2,47595.01,0.000,0.000,0.000,0.0,12.1
2024-07-28,63,74.6,23046.08,0.409,0.409,0.000,12.0,12.6
2024-07-29,63,74.5,23323.44,0.461,0.461,0.000,11.0,20.4
2024-07-30,3,77.6,47804.04,0.000,0.000,0.000,0.0,8.3
2024-07-31,55,79.3,36310.02,0.114,0.114,0.000,5.0,13.9
2024-08-01,63,77.6,25730.86,0.413,0.413,0.000,10.0,9.2
2024-08-02,51,74.2,41423.74,0.024,0.024,0.000,5.0,16.3
2024-08-03,1,75.7,50400.00,0.000,0.000,0.000,0.0,10.2
2024-08-04,51,77.9,50256.56,0.004,0.004,0.000,1.0,8.4
2024-08-05,63,76.0,36940.09,0.177,0.177,0.000,3.0,17.0
2024-08-06,51,69.9,28511.33,0.031,0.031,0.000,5.0,25.6
2024-08-07,3,69.4,50157.45,0.000,0.000,0.000,0.0,15.5
2024-08-08,3,74.0,46800.00,0.000,0.000,0.000,0.0,8.9
2024-08-09,3,69.1,46152.14,0.000,0.000,0.000,0.0,16.2
2024-08-10,3,67.6,49918.64,0.000,0.000,0.000,0.0,16.0
2024-08-11,3,70.2,49836.11,0.000,0.000,0.000,0.0,13.3
2024-08-12,3,70.7,49691.43,0.000,0.000,0.000,0.0,11.5
2024-08-13,1,73.0,49545.74,0.000,0.000,0.000,0.0,7.0
2024-08-14,3,74.3,47149.82,0.000,0.000,0.000,0.0,11.3
2024-08-15,63,71.2,5191.54,0.547,0.547,0.000,13.0,16.5
2024-08-16,63,75.3,46086.51,0.524,0.524,0.000,6.0,14.5
2024-08-17,65,71.8,38082.77,0.799,0.799,0.000,9.0,11.0
2024-08-18,51,69.1,43810.80,0.028,0.028,0.000,4.0,19.5
2024-08-19,3,66.5,47996.78,0.000,0.000,0.000,0.0,17.5
2024-08-20,3,64.4,47339.62,0.000,0.000,0.000,0.0,15.6
2024-08-21,3,64.4,47954.58,0.000,0.000,0.000,0.0,8.9
2024-08-22,3,65.4,46123.23,0.000,0.000,0.000,0.0,7.6
2024-08-23,3,69.2,46334.16,0.000,0.000,0.000,0.0,9.5
2024-08-24,51,73.2,46002.36,0.004,0.004,0.000,1.0,10.7
2024-08-25,1,81.8,45657.64,0.000,0.000,0.000,0.0,15.0
2024-08-26,51,85.3,38208.52,0.008,0.008,0.000,1.0,14.2
2024-08-27,51,85.8,43544.03,0.012,0.012,0.000,2.0,15.6
2024-08-28,51,76.9,44116.77,0.020,0.020,0.000,3.0,11.6
2024-08-29,2,74.3,45083.36,0.000,0.000,0.000,0.0,10.5
2024-08-30,63,78.2,31827.10,0.169,0.169,0.000,3.0,13.0
2024-08-31,3,74.2,45593.85,0.000,0.000,0.000,0.0,9.5
2024-09-01,0,67.8,44851.36,0.000,0.000,0.000,0.0,21.5
2024-09-02,0,65.7,45190.04,0.000,0.000,0.000,0.0,8.9
2024-09-03,3,66.0,44595.11,0.000,0.000,0.000,0.0,8.7
2024-09-04,0,69.3,44933.76,0.000,0.000,0.000,0.0,9.7
2024-09-05,63,75.7,43720.14,0.394,0.394,0.000,4.0,13.9
2024-09-06,51,65.2,43439.24,0.031,0.031,0.000,8.0,20.6
2024-09-07,51,56.5,43778.52,0.028,0.028,0.000,3.0,17.9
2024-09-08,3,61.0,44117.33,0.000,0.000,0.000,0.0,11.3
2024-09-09,0,68.4,43837.22,0.000,0.000,0.000,0.0,15.0
2024-09-10,3,69.6,43866.74,0.000,0.000,0.000,0.0,10.6
2024-09-11,3,72.0,43278.71,0.000,0.000,0.000,0.0,8.9
2024-09-12,3,72.5,43606.86,0.000,0.000,0.000,0.0,12.8
2024-09-13,3,73.2,43084.93,0.000,0.000,0.000,0.0,13.9
2024-09-14,3,74.9,43149.30,0.000,0.000,0.000,0.0,12.1
2024-09-15,3,75.3,42874.44,0.000,0.000,0.000,0.0,11.5
2024-09-16,3,74.3,42998.93,0.000,0.000,0.000,0.0,9.4
2024-09-17,1,70.7,42662.54,0.000,0.000,0.000,0.0,9.4
2024-09-18,3,70.8,42556.34,0.000,0.000,0.000,0.0,13.6
2024-09-19,3,73.7,42464.86,0.000,0.000,0.000,0.0,11.4
2024-09-20,63,76.3,42344.00,0.201,0.201,0.000,3.0,13.2
2024-09-21,3,75.3,39600.00,0.000,0.000,0.000,0.0,10.0
2024-09-22,63,70.4,753.30,0.929,0.929,0.000,13.0,17.7
2024-09-23,53,62.9,27603.01,0.043,0.043,0.000,2.0,18.1
2024-09-24,63,64.2,8485.30,0.878,0.878,0.000,21.0,13.3
2024-09-25,3,64.0,41579.88,0.000,0.000,0.000,0.0,10.7
2024-09-26,3,64.2,40087.57,0.000,0.000,0.000,0.0,11.5
2024-09-27,3,65.6,2062.47,0.000,0.000,0.000,0.0,24.7
2024-09-28,53,64.1,4757.39,0.130,0.130,0.000,8.0,21.0
2024-09-29,51,66.0,24508.92,0.004,0.004,0.000,1.0,17.5
2024-09-30,3,67.7,39984.60,0.000,0.000,0.000,0.0,10.3
2024-10-01,51,63.3,39600.00,0.004,0.004,0.000,1.0,19.5
2024-10-02,3,59.1,40088.43,0.000,0.000,0.000,0.0,11.5
2024-10-03,1,62.2,39830.20,0.000,0.000,0.000,0.0,11.6
2024-10-04,53,63.3,28800.00,0.047,0.047,0.000,2.0,16.3
2024-10-05,3,67.9,32423.07,0.000,0.000,0.000,0.0,21.4
2024-10-06,3,67.6,39674.62,0.000,0.000,0.000,0.0,21.0
2024-10-07,3,57.3,35538.88,0.000,0.000,0.000,0.0,11.1
2024-10-08,2,59.8,39581.63,0.000,0.000,0.000,0.0,11.9
2024-10-09,0,58.2,39514.75,0.000,0.000,0.000,0.0,11.3
2024-10-10,0,60.4,39447.56,0.000,0.000,0.000,0.0,9.8
2024-10-11,3,66.8,35780.09,0.000,0.000,0.000,0.0,16.5
2024-10-12,65,60.9,31271.33,0.709,0.709,0.000,8.0,17.7
2024-10-13,51,58.1,33958.40,0.031,0.031,0.000,5.0,23.2
2024-10-14,53,49.0,31269.67,0.106,0.106,0.000,10.0,23.2
2024-10-15,71,45.9,38014.43,0.209,0.197,0.083,16.0,24.4
2024-10-16,1,46.0,39038.57,0.000,0.000,0.000,0.0,14.8
2024-10-17,1,48.5,38969.48,0.000,0.000,0.000,0.0,10.9
2024-10-18,0,52.8,38837.43,0.000,0.000,0.000,0.0,12.8
2024-10-19,3,54.7,38678.72,0.000,0.000,0.000,0.0,10.3
2024-10-20,0,61.0,38519.80,0.000,0.000,0.000,0.0,13.2
2024-10-21,3,63.9,38360.75,0.000,0.000,0.000,0.0,12.5
2024-10-22,51,63.1,27366.66,0.008,0.008,0.000,1.0,17.7
2024-10-23,3,57.9,35495.99,0.000,0.000,0.000,0.0,14.5
2024-10-24,3,51.7,37884.11,0.000,0.000,0.000,0.0,12.8
2024-10-25,63,55.3,35323.81,0.839,0.839,0.000,8.0,12.7
2024-10-26,3,48.7,37568.20,0.000,0.000,0.000,0.0,12.3
2024-10-27,3,46.1,37411.21,0.000,0.000,0.000,0.0,7.7
2024-10-28,3,53.1,30070.29,0.000,0.000,0.000,0.0,16.7
2024-10-29,3,70.7,27093.08,0.000,0.000,0.000,0.0,21.5
2024-10-30,3,70.6,32470.38,0.000,0.000,0.000,0.0,21.9
2024-10-31,61,60.7,16832.59,0.165,0.165,0.000,5.0,24.5
2024-11-01,2,44.6,35801.14,0.000,0.000,0.000,0.0,16.3
2024-11-02,3,46.7,35435.45,0.000,0.000,0.000,0.0,11.4
2024-11-03,53,54.5,3600.00,0.043,0.043,0.000,3.0,19.4
2024-11-04,61,64.5,7200.00,0.358,0.358,0.000,17.0,21.8
2024-11-05,63,64.1,0.00,1.272,1.272,0.000,19.0,23.7
2024-11-06,3,53.7,12015.51,0.000,0.000,0.000,0.0,10.0
2024-11-07,3,48.5,33802.06,0.000,0.000,0.000,0.0,9.8
2024-11-08,3,49.8,33827.36,0.000,0.000,0.000,0.0,12.9
2024-11-09,51,50.3,7444.17,0.024,0.024,0.000,3.0,13.8
2024-11-10,61,54.0,29290.90,0.150,0.150,0.000,6.0,24.2
2024-11-11,3,49.3,32924.10,0.000,0.000,0.000,0.0,19.2
2024-11-12,3,45.8,26706.02,0.000,0.000,0.000,0.0,17.6
2024-11-13,63,45.3,16023.43,0.276,0.276,0.000,6.0,12.0
2024-11-14,65,51.4,6478.51,0.512,0.512,0.000,11.0,9.6
2024-11-15,51,48.7,10223.68,0.008,0.008,0.000,2.0,6.4
2024-11-16,3,47.4,21922.11,0.000,0.000,0.000,0.0,10.3
2024-11-17,53,51.5,25242.71,0.106,0.106,0.000,8.0,9.9
2024-11-18,63,53.2,0.00,0.429,0.429,0.000,8.0,16.0
2024-11-19,55,58.0,15355.36,0.087,0.087,0.000,5.0,17.1
2024-11-20,71,42.3,18730.27,0.083,0.071,0.083,9.0,15.4
2024-11-21,75,35.0,0.00,0.370,0.063,2.150,17.0,20.8
2024-11-22,3,42.4,140.32,0.000,0.000,0.000,0.0,12.8
2024-11-23,3,40.4,8857.66,0.000,0.000,0.000,0.0,9.0
2024-11-24,3,42.3,26347.27,0.000,0.000,0.000,0.0,8.9
2024-11-25,51,47.3,10800.00,0.020,0.020,0.000,5.0,12.4
2024-11-26,3,32.9,32216.55,0.000,0.000,0.000,0.0,12.4
2024-11-27,3,37.7,17358.12,0.000,0.000,0.000,0.0,6.5
2024-11-28,51,30.7,12930.36,0.004,0.004,0.000,1.0,12.3
2024-11-29,3,24.5,20952.13,0.000,0.000,0.000,0.0,13.8
2024-11-30,3,20.6,32204.28,0.000,0.000,0.000,0.0,10.2
2024-12-01,3,20.0,32141.46,0.000,0.000,0.000,0.0,9.8
2024-12-02,3,21.0,29100.34,0.000,0.000,0.000,0.0,7.4
2024-12-03,3,23.7,29781.77,0.000,0.000,0.000,0.0,13.1
2024-12-04,71,29.6,22720.61,0.020,0.012,0.055,3.0,20.8
2024-12-05,3,20.0,31897.71,0.000,0.000,0.000,0.0,17.9
2024-12-06,3,23.0,28158.73,0.000,0.000,0.000,0.0,11.0
2024-12-07,3,34.4,25460.71,0.000,0.000,0.000,0.0,15.2
2024-12-08,3,44.3,31726.56,0.000,0.000,0.000,0.0,13.6
2024-12-09,51,45.6,24472.44,0.004,0.004,0.000,1.0,11.6
2024-12-10,3,33.8,0.00,0.000,0.000,0.000,0.0,8.5
2024-12-11,73,27.0,25399.71,0.028,0.000,0.193,2.0,16.8
2024-12-12,3,11.4,24840.59,0.000,0.000,0.000,0.0,16.1
2024-12-13,3,17.9,3202.39,0.000,0.000,0.000,0.0,10.0
2024-12-14,61,31.0,15280.25,0.280,0.280,0.000,8.0,14.3
2024-12-15,61,41.5,7205.24,0.134,0.134,0.000,8.0,15.0
2024-12-16,53,43.5,11094.74,0.055,0.055,0.000,3.0,13.4
2024-12-17,3,35.8,17199.44,0.000,0.000,0.000,0.0,12.1
2024-12-18,73,31.4,14503.45,0.024,0.000,0.165,3.0,9.1
2024-12-19,73,28.9,8210.91,0.079,0.000,0.551,6.0,10.0
2024-12-20,73,30.4,3250.91,0.094,0.008,0.606,13.0,17.3
2024-12-21,3,19.7,29852.10,0.000,0.000,0.000,0.0,9.8
2024-12-22,3,24.5,20550.07,0.000,0.000,0.000,0.0,12.6
2024-12-23,73,34.6,0.00,0.028,0.008,0.138,2.0,12.8
2024-12-24,3,34.6,13090.95,0.000,0.000,0.000,0.0,8.2
2024-12-25,3,34.5,0.00,0.000,0.000,0.000,0.0,6.7
2024-12-26,53,41.2,2426.65,0.039,0.039,0.000,4.0,9.1
2024-12-27,55,44.7,0.00,0.228,0.228,0.000,17.0,11.7
2024-12-28,53,47.4,7207.17,0.043,0.043,0.000,4.0,15.0
2024-12-29,61,40.4,0.00,0.571,0.571,0.000,18.0,13.0
2024-12-30,3,36.9,27975.51,0.000,0.000,0.000,0.0,8.6
2024-12-31,55,37.0,0.00,0.295,0.295,0.000,21.0,17.0
2025-01-01,71,29.9,8957.69,0.004,0.000,0.028,1.0,13.8
2025-01-02,71,27.7,22869.33,0.008,0.000,0.055,2.0,10.8
2025-01-03,3,23.2,30932.50,0.000,0.000,0.000,0.0,12.9
2025-01-04,3,17.7,31236.50,0.000,0.000,0.000,0.0,10.8
2025-01-05,71,20.2,8005.80,0.016,0.004,0.083,3.0,12.6
2025-01-06,73,28.1,0.00,0.126,0.004,0.854,13.0,17.1
2025-01-07,3,21.1,27148.21,0.000,0.000,0.000,0.0,8.9
2025-01-08,3,19.3,28773.85,0.000,0.000,0.000,0.0,6.9
2025-01-09,3,18.4,31785.07,0.000,0.000,0.000,0.0,10.2
2025-01-10,73,25.4,0.00,0.157,0.000,1.102,14.0,10.2
2025-01-11,3,26.0,27261.04,0.000,0.000,0.000,0.0,8.9
2025-01-12,73,29.4,441.73,0.083,0.004,0.551,9.0,14.9
2025-01-13,3,14.7,33373.01,0.000,0.000,0.000,0.0,12.6
2025-01-14,73,10.9,27528.27,0.055,0.000,0.386,5.0,13.9
2025-01-15,71,9.9,31168.55,0.004,0.000,0.028,1.0,13.0
2025-01-16,71,28.1,19669.36,0.016,0.000,0.110,3.0,12.8
2025-01-17,3,32.5,33775.27,0.000,0.000,0.000,0.0,18.1
2025-01-18,3,28.4,29993.61,0.000,0.000,0.000,0.0,15.4
2025-01-19,3,8.7,30494.81,0.000,0.000,0.000,0.0,11.3
2025-01-20,3,4.8,34106.63,0.000,0.000,0.000,0.0,14.4
2025-01-21,3,-1.2,34221.86,0.000,0.000,0.000,0.0,11.6
2025-01-22,71,12.3,7626.13,0.031,0.000,0.220,7.0,17.1
2025-01-23,71,16.8,31482.70,0.035,0.000,0.248,7.0,12.0
2025-01-24,3,10.5,29422.47,0.000,0.000,0.000,0.0,11.0
2025-01-25,3,27.4,34702.54,0.000,0.000,0.000,0.0,13.8
2025-01-26,3,23.7,32136.42,0.000,0.000,0.000,0.0,11.0
2025-01-27,3,28.6,32109.28,0.000,0.000,0.000,0.0,15.8
2025-01-28,3,36.4,35082.84,0.000,0.000,0.000,0.0,17.2
2025-01-29,3,38.6,35215.36,0.000,0.000,0.000,0.0,13.9
2025-01-30,65,37.0,26886.58,0.626,0.626,0.000,5.0,12.4
2025-01-31,63,36.5,3599.66,1.213,1.213,0.000,16.0,16.5
2025-02-01,3,30.2,7900.41,0.000,0.000,0.000,0.0,12.7
2025-02-02,71,37.9,20210.29,0.020,0.004,0.110,3.0,11.0
2025-02-03,3,38.3,4904.95,0.000,0.000,0.000,0.0,13.4
2025-02-04,3,26.8,18517.20,0.000,0.000,0.000,0.0,13.0
2025-02-05,71,27.9,6431.40,0.035,0.028,0.055,4.0,10.7
2025-02-06,71,32.8,18807.38,0.043,0.031,0.083,6.0,16.6
2025-02-07,3,24.8,26540.79,0.000,0.000,0.000,0.0,13.2
2025-02-08,71,30.1,0.00,0.016,0.000,0.110,4.0,9.5
2025-02-09,3,27.3,24003.25,0.000,0.000,0.000,0.0,9.8
2025-02-10,3,25.0,35997.75,0.000,0.000,0.000,0.0,6.7
2025-02-11,71,25.3,0.00,0.016,0.000,0.110,3.0,12.0
2025-02-12,75,26.1,0.00,0.350,0.004,2.425,17.0,15.0
2025-02-13,71,15.5,28841.98,0.035,0.004,0.220,8.0,12.7
2025-02-14,75,12.4,17637.56,0.193,0.000,1.350,4.0,11.9
2025-02-15,3,29.8,4861.77,0.000,0.000,0.000,0.0,12.7
2025-02-16,71,23.5,14408.96,0.031,0.000,0.220,7.0,15.3
2025-02-17,3,3.9,34235.86,0.000,0.000,0.000,0.0,12.6
2025-02-18,3,-0.1,36000.00,0.000,0.000,0.000,0.0,10.5
2025-02-19,71,6.7,32400.00,0.004,0.000,0.028,1.0,8.7
2025-02-20,3,10.9,36187.76,0.000,0.000,0.000,0.0,9.2
2025-02-21,0,16.7,36467.80,0.000,0.000,0.000,0.0,9.2
2025-02-22,3,22.2,36793.72,0.000,0.000,0.000,0.0,10.4
2025-02-23,3,31.2,35486.45,0.000,0.000,0.000,0.0,10.7
2025-02-24,51,43.8,27173.74,0.012,0.012,0.000,3.0,15.2
2025-02-25,61,41.8,37260.75,0.083,0.083,0.000,2.0,7.7
2025-02-26,53,38.5,21408.32,0.051,0.051,0.000,6.0,10.1
2025-02-27,51,40.0,37495.73,0.043,0.043,0.000,6.0,15.4
2025-02-28,3,43.2,36026.02,0.000,0.000,0.000,0.0,18.2
2025-03-01,3,26.3,33837.97,0.000,0.000,0.000,0.0,14.6
2025-03-02,3,26.3,39234.80,0.000,0.000,0.000,0.0,4.0
2025-03-03,3,37.3,29026.43,0.000,0.000,0.000,0.0,12.0
2025-03-04,61,45.6,5156.86,0.429,0.429,0.000,10.0,15.4
2025-03-05,73,42.9,17413.88,0.457,0.406,0.358,20.0,16.1
2025-03-06,3,32.5,40213.11,0.000,0.000,0.000,0.0,15.8
2025-03-07,73,33.5,0.00,0.154,0.051,0.717,12.0,6.3
2025-03-08,3,37.7,39314.62,0.000,0.000,0.000,0.0,11.3
2025-03-09,2,43.9,41385.81,0.000,0.000,0.000,0.0,10.4
2025-03-10,1,51.0,41554.10,0.000,0.000,0.000,0.0,14.2
2025-03-11,3,42.5,41546.09,0.000,0.000,0.000,0.0,15.2
2025-03-12,2,38.6,41892.93,0.000,0.000,0.000,0.0,9.7
2025-03-13,2,41.4,42063.26,0.000,0.000,0.000,0.0,9.5
2025-03-14,51,60.5,40970.16,0.008,0.008,0.000,1.0,17.1
2025-03-15,63,59.0,39221.53,0.402,0.402,0.000,5.0,20.4
2025-03-16,73,34.4,0.00,0.528,0.283,1.709,17.0,10.2
2025-03-17,71,37.9,42748.02,0.008,0.004,0.028,1.0,14.7
2025-03-18,3,55.0,42227.79,0.000,0.000,0.000,0.0,14.5
2025-03-19,65,43.2,22765.24,0.555,0.555,0.000,7.0,16.7
2025-03-20,75,35.6,39521.74,0.232,0.031,1.406,9.0,19.6
2025-03-21,51,43.0,39600.00,0.008,0.008,0.000,1.0,16.0
2025-03-22,71,37.1,41950.41,0.008,0.000,0.055,2.0,12.6
2025-03-23,63,40.9,8324.76,0.291,0.291,0.000,5.0,17.9
2025-03-24,3,39.6,30413.21,0.000,0.000,0.000,0.0,16.9
2025-03-25,71,37.3,35643.38,0.024,0.020,0.028,1.0,6.7
2025-03-26,75,37.6,39013.39,0.063,0.008,0.386,3.0,6.0
2025-03-27,3,46.8,1602.69,0.000,0.000,0.000,0.0,7.8
2025-03-28,61,59.7,38952.59,0.264,0.264,0.000,6.0,17.9
2025-03-29,51,63.0,35051.07,0.028,0.028,0.000,5.0,18.0
2025-03-30,63,60.2,19624.59,0.213,0.213,0.000,10.0,14.8
2025-03-31,51,39.2,25273.96,0.035,0.035,0.000,6.0,11.3
2025-04-01,3,37.5,30273.43,0.000,0.000,0.000,0.0,15.8
2025-04-02,63,52.7,11622.78,0.823,0.823,0.000,12.0,17.9
2025-04-03,51,49.7,20408.85,0.004,0.004,0.000,1.0,14.3
2025-04-04,55,42.9,16253.74,0.114,0.114,0.000,7.0,10.4
2025-04-05,61,43.8,15518.40,0.217,0.217,0.000,6.0,12.5
2025-04-06,3,40.2,43141.07,0.000,0.000,0.000,0.0,10.7
2025-04-07,71,36.2,30806.22,0.028,0.016,0.083,4.0,17.0
2025-04-08,3,33.5,44035.02,0.000,0.000,0.000,0.0,11.0
2025-04-09,53,38.2,8528.29,0.087,0.087,0.000,6.0,11.6
2025-04-10,3,38.3,27645.95,0.000,0.000,0.000,0.0,10.8
2025-04-11,3,41.1,44830.85,0.000,0.000,0.000,0.0,8.7
2025-04-12,51,44.9,45411.62,0.012,0.012,0.000,1.0,8.7
2025-04-13,51,54.1,20817.62,0.028,0.028,0.000,3.0,13.2
2025-04-14,3,57.5,43356.16,0.000,0.000,0.000,0.0,16.9
2025-04-15,53,46.6,18632.55,0.047,0.047,0.000,6.0,17.5
2025-04-16,3,41.0,46128.75,0.000,0.000,0.000,0.0,9.8
2025-04-17,53,53.4,21294.21,0.024,0.024,0.000,1.0,15.3
2025-04-18,51,68.3,30328.93,0.028,0.028,0.000,4.0,16.7
2025-04-19,53,51.4,2558.80,0.031,0.031,0.000,3.0,13.5
2025-04-20,61,51.7,21925.24,0.079,0.079,0.000,4.0,16.4
2025-04-21,65,55.8,31803.49,0.469,0.469,0.000,5.0,19.6
2025-04-22,63,55.6,41039.62,0.272,0.272,0.000,4.0,7.7
2025-04-23,63,60.1,32745.87,0.276,0.276,0.000,4.0,7.5
2025-04-24,3,55.9,47876.84,0.000,0.000,0.000,0.0,8.0
2025-04-25,51,49.0,43811.60,0.004,0.004,0.000,1.0,16.0
2025-04-26,3,45.6,48513.57,0.000,0.000,0.000,0.0,15.6
2025-04-27,3,51.6,48809.12,0.000,0.000,0.000,0.0,8.6
2025-04-28,3,67.3,47598.98,0.000,0.000,0.000,0.0,17.6
2025-04-29,3,67.4,46502.66,0.000,0.000,0.000,0.0,17.5
2025-04-30,51,52.6,21600.00,0.008,0.008,0.000,2.0,8.4
2025-05-01,63,60.8,23285.76,0.705,0.705,0.000,16.0,14.1
2025-05-02,51,49.7,21849.71,0.035,0.035,0.000,5.0,7.5
2025-05-03,3,45.4,49616.04,0.000,0.000,0.000,0.0,13.7
2025-05-04,63,45.7,6571.59,0.224,0.224,0.000,5.0,14.0
2025-05-05,53,50.2,37321.31,0.059,0.059,0.000,5.0,10.4
2025-05-06,3,59.1,46205.02,0.000,0.000,0.000,0.0,9.7
2025-05-07,3,53.6,46411.84,0.000,0.000,0.000,0.0,10.7
2025-05-08,3,48.4,49085.30,0.000,0.000,0.000,0.0,13.8
2025-05-09,1,50.6,49991.95,0.000,0.000,0.000,0.0,6.3
2025-05-10,0,54.1,50054.18,0.000,0.000,0.000,0.0,12.6
2025-05-11,0,55.2,50116.24,0.000,0.000,0.000,0.0,9.1
2025-05-12,55,63.2,46800.00,0.043,0.043,0.000,2.0,8.6
2025-05-13,3,63.1,42047.57,0.000,0.000,0.000,0.0,7.7
2025-05-14,3,59.8,31732.50,0.000,0.000,0.000,0.0,6.7
2025-05-15,61,72.8,37621.45,0.126,0.126,0.000,5.0,13.0
2025-05-16,53,74.9,50644.73,0.024,0.024,0.000,1.0,20.9
2025-05-17,51,61.1,32135.40,0.004,0.004,0.000,1.0,17.1
2025-05-18,3,53.4,38932.09,0.000,0.000,0.000,0.0,8.2
2025-05-19,3,47.5,28984.79,0.000,0.000,0.000,0.0,14.4
2025-05-20,63,52.8,1150.94,0.874,0.874,0.000,18.0,17.5
2025-05-21,53,50.7,14.67,0.157,0.157,0.000,17.0,8.9
2025-05-22,51,49.9,26317.16,0.035,0.035,0.000,7.0,9.8
2025-05-23,3,50.0,46800.00,0.000,0.000,0.000,0.0,9.4
2025-05-24,3,52.0,47207.95,0.000,0.000,0.000,0.0,7.6
2025-05-25,51,53.6,29383.46,0.016,0.016,0.000,3.0,6.4
2025-05-26,3,53.3,47519.46,0.000,0.000,0.000,0.0,7.7
2025-05-27,51,55.9,17283.67,0.004,0.004,0.000,1.0,9.1
2025-05-28,63,54.6,26341.53,0.386,0.386,0.000,8.0,7.1
2025-05-29,51,59.0,39730.89,0.008,0.008,0.000,1.0,5.8
2025-05-30,61,65.2,42253.37,0.106,0.106,0.000,4.0,12.7
2025-05-31,0,53.9,51401.97,0.000,0.000,0.000,0.0,10.1
2025-06-01,1,55.2,51742.00,0.000,0.000,0.000,0.0,7.0
2025-06-02,3,69.2,51733.49,0.000,0.000,0.000,0.0,10.5
2025-06-03,53,78.6,47774.69,0.035,0.035,0.000,2.0,20.2
2025-06-04,63,61.5,5183.04,1.252,1.252,0.000,15.0,13.6
2025-06-05,3,57.0,43100.45,0.000,0.000,0.000,0.0,8.3
2025-06-06,3,60.9,42913.33,0.000,0.000,0.000,0.0,7.1
2025-06-07,51,62.0,41826.22,0.012,0.012,0.000,1.0,7.9
2025-06-08,55,66.5,39929.64,0.138,0.138,0.000,8.0,13.5
2025-06-09,63,63.1,52051.00,0.350,0.350,0.000,3.0,12.8
2025-06-10,3,66.9,51695.11,0.000,0.000,0.000,0.0,12.3
2025-06-11,3,77.8,51339.26,0.000,0.000,0.000,0.0,13.3
2025-06-12,51,69.9,37766.93,0.008,0.008,0.000,1.0,7.7
2025-06-13,53,65.6,42.37,0.098,0.098,0.000,10.0,8.0
2025-06-14,3,62.5,47912.92,0.000,0.000,0.000,0.0,7.7
2025-06-15,3,65.3,50702.00,0.000,0.000,0.000,0.0,6.6
2025-06-16,3,72.2,49923.23,0.000,0.000,0.000,0.0,8.3
2025-06-17,61,80.1,50497.24,0.106,0.106,0.000,2.0,11.1
2025-06-18,65,71.1,20288.42,1.618,1.618,0.000,15.0,7.4
2025-06-19,61,70.5,39600.00,0.366,0.366,0.000,17.0,9.9
2025-06-20,3,74.2,33200.70,0.000,0.000,0.000,0.0,12.2
2025-06-21,3,83.1,51010.97,0.000,0.000,0.000,0.0,16.1
2025-06-22,1,86.2,51375.00,0.000,0.000,0.000,0.0,14.0
2025-06-23,3,87.6,51739.79,0.000,0.000,0.000,0.0,14.6
2025-06-24,63,81.6,41280.13,0.386,0.386,0.000,7.0,8.5
2025-06-25,61,73.8,42633.20,0.110,0.110,0.000,5.0,7.9
2025-06-26,63,81.0,49496.27,0.295,0.295,0.000,5.0,8.5
2025-06-27,53,79.2,48632.86,0.079,0.079,0.000,7.0,12.6
2025-06-28,3,73.1,51436.77,0.000,0.000,0.000,0.0,5.9
2025-06-29,3,78.8,51093.79,0.000,0.000,0.000,0.0,6.4
2025-06-30,51,78.4,42660.60,0.028,0.028,0.000,5.0,6.6
2025-07-01,1,76.1,51120.89,0.000,0.000,0.000,0.0,7.6
2025-07-02,3,80.4,51135.20,0.000,0.000,0.000,0.0,7.7
2025-07-03,1,81.2,51149.93,0.000,0.000,0.000,0.0,7.7
2025-07-04,65,79.7,28720.21,0.496,0.496,0.000,5.0,5.7
2025-07-05,3,84.7,50826.84,0.000,0.000,0.000,0.0,13.4
2025-07-06,63,77.2,33344.86,0.240,0.240,0.000,11.0,11.0
2025-07-07,51,69.4,46800.00,0.004,0.004,0.000,1.0,9.3
2025-07-08,55,76.4,43200.00,0.063,0.063,0.000,5.0,6.6
2025-07-09,63,72.0,50400.00,0.299,0.299,0.000,5.0,8.3
2025-07-10,55,72.7,46800.00,0.083,0.083,0.000,4.0,7.1
2025-07-11,63,76.7,34511.91,0.787,0.787,0.000,12.0,12.2
2025-07-12,51,77.4,50400.00,0.008,0.008,0.000,2.0,9.9
2025-07-13,3,74.7,47679.06,0.000,0.000,0.000,0.0,5.9
2025-07-14,3,74.7,50400.00,0.000,0.000,0.000,0.0,4.5
2025-07-15,51,79.3,50400.00,0.024,0.024,0.000,5.0,7.0
2025-07-16,61,81.0,43200.00,0.110,0.110,0.000,4.0,12.6
2025-07-17,51,67.5,18368.23,0.016,0.016,0.000,4.0,11.6
2025-07-18,3,69.9,50400.00,0.000,0.000,0.000,0.0,6.9
2025-07-19,61,76.0,20451.59,0.126,0.126,0.000,6.0,11.0
2025-07-20,61,71.3,22799.51,0.272,0.272,0.000,7.0,9.3
2025-07-21,3,71.7,50400.00,0.000,0.000,0.000,0.0,8.3
2025-07-22,3,76.0,50400.00,0.000,0.000,0.000,0.0,9.7
2025-07-23,3,81.7,50400.00,0.000,0.000,0.000,0.0,11.0
2025-07-24,51,83.9,46061.00,0.059,0.059,0.000,8.0,12.3
2025-07-25,53,76.1,33178.27,0.169,0.169,0.000,13.0,7.4
2025-07-26,61,76.6,15958.86,0.154,0.154,0.000,7.0,8.0
2025-07-27,51,78.2,50400.00,0.016,0.016,0.000,4.0,6.5
2025-07-28,53,79.3,36000.00,0.059,0.059,0.000,4.0,6.2
2025-07-29,3,80.2,43200.00,0.000,0.000,0.000,0.0,7.3
2025-07-30,63,73.1,9076.07,0.748,0.748,0.000,15.0,12.8
2025-07-31,61,67.4,47460.28,0.303,0.303,0.000,7.0,14.0
2025-08-01,3,67.9,50400.00,0.000,0.000,0.000,0.0,10.2
2025-08-02,3,69.0,48770.19,0.000,0.000,0.000,0.0,6.2
2025-08-03,3,70.0,50400.00,0.000,0.000,0.000,0.0,7.5
2025-08-04,51,71.9,47680.16,0.008,0.008,0.000,2.0,7.8
2025-08-05,1,72.9,50323.78,0.000,0.000,0.000,0.0,7.3
2025-08-06,3,74.9,50248.78,0.000,0.000,0.000,0.0,9.1
2025-08-07,61,78.0,50172.56,0.059,0.059,0.000,1.0,6.4
2025-08-08,3,82.3,47430.33,0.000,0.000,0.000,0.0,10.7
2025-08-09,3,83.7,50016.79,0.000,0.000,0.000,0.0,13.0
2025-08-10,51,82.6,48796.25,0.020,0.020,0.000,2.0,11.6
2025-08-11,63,79.8,39600.00,0.343,0.343,0.000,4.0,10.9
2025-08-12,63,75.5,29682.94,0.402,0.402,0.000,7.0,6.5
2025-08-13,3,74.7,49582.76,0.000,0.000,0.000,0.0,7.1
2025-08-14,0,74.0,49439.15,0.000,0.000,0.000,0.0,6.7
2025-08-15,3,80.3,49054.62,0.000,0.000,0.000,0.0,6.9
2025-08-16,3,83.0,46506.29,0.000,0.000,0.000,0.0,10.4
2025-08-17,51,75.3,26555.18,0.012,0.012,0.000,3.0,9.0
2025-08-18,63,76.2,43906.78,0.276,0.276,0.000,7.0,8.8
2025-08-19,63,73.2,32768.95,0.343,0.343,0.000,10.0,13.1
2025-08-20,51,70.4,47026.67,0.016,0.016,0.000,3.0,10.8
2025-08-21,51,69.9,47325.37,0.020,0.020,0.000,5.0,9.4
2025-08-22,3,72.0,45530.21,0.000,0.000,0.000,0.0,5.7
2025-08-23,51,73.4,43463.25,0.024,0.024,0.000,3.0,11.9
2025-08-24,1,67.1,46323.21,0.000,0.000,0.000,0.0,11.8
2025-08-25,3,63.8,44462.84,0.000,0.000,0.000,0.0,9.3
2025-08-26,51,64.0,46292.07,0.004,0.004,0.000,1.0,7.8
2025-08-27,3,66.5,35346.38,0.000,0.000,0.000,0.0,10.3
2025-08-28,53,66.2,39600.00,0.118,0.118,0.000,9.0,9.1
2025-08-29,53,63.0,42105.93,0.024,0.024,0.000,1.0,7.9
2025-08-30,51,65.5,39793.24,0.008,0.008,0.000,1.0,5.7
2025-08-31,0,66.2,45455.20,0.000,0.000,0.000,0.0,7.5
2025-09-01,0,67.4,45157.71,0.000,0.000,0.000,0.0,6.0
2025-09-02,51,69.1,44873.15,0.004,0.004,0.000,1.0,6.5
2025-09-03,63,64.8,6059.72,0.539,0.539,0.000,12.0,11.6
2025-09-04,3,58.6,44928.01,0.000,0.000,0.000,0.0,10.0
2025-09-05,3,61.1,43054.02,0.000,0.000,0.000,0.0,14.2
2025-09-06,3,57.8,31499.08,0.000,0.000,0.000,0.0,11.4
2025-09-07,2,57.7,44081.97,0.000,0.000,0.000,0.0,6.1
2025-09-08,0,60.9,44110.95,0.000,0.000,0.000,0.0,5.7
2025-09-09,3,64.3,43830.76,0.000,0.000,0.000,0.0,6.2
2025-09-10,3,69.6,43200.00,0.000,0.000,0.000,0.0,6.3
2025-09-11,0,68.3,43580.99,0.000,0.000,0.000,0.0,7.6
2025-09-12,3,70.9,43610.97,0.000,0.000,0.000,0.0,8.3
2025-09-13,63,70.9,31212.23,0.295,0.295,0.000,5.0,8.9
2025-09-14,0,70.7,42999.80,0.000,0.000,0.000,0.0,7.8
2025-09-15,0,70.2,43087.36,0.000,0.000,0.000,0.0,7.5
2025-09-16,3,70.3,42788.38,0.000,0.000,0.000,0.0,6.5
2025-09-17,3,69.8,42682.84,0.000,0.000,0.000,0.0,5.6
2025-09-18,3,71.1,42577.55,0.000,0.000,0.000,0.0,7.5
2025-09-19,3,74.0,33075.09,0.000,0.000,0.000,0.0,7.8
2025-09-20,61,70.3,24066.62,0.217,0.217,0.000,4.0,7.8
2025-09-21,61,70.2,32400.00,0.177,0.177,0.000,11.0,8.7
2025-09-22,51,70.3,41511.06,0.016,0.016,0.000,1.0,8.6
2025-09-23,61,67.2,28022.98,0.244,0.244,0.000,8.0,10.9
2025-09-24,51,64.3,41509.72,0.008,0.008,0.000,2.0,11.9
2025-09-25,51,63.4,41562.13,0.016,0.016,0.000,4.0,8.8
2025-09-26,0,68.0,41305.97,0.000,0.000,0.000,0.0,6.8
2025-09-27,2,74.3,41049.93,0.000,0.000,0.000,0.0,8.3
2025-09-28,0,69.8,40793.90,0.000,0.000,0.000,0.0,6.4
2025-09-29,0,70.3,40537.71,0.000,0.000,0.000,0.0,6.6
2025-09-30,3,70.3,40281.34,0.000,0.000,0.000,0.0,9.0
2025-10-01,3,67.4,35192.93,0.000,0.000,0.000,0.0,10.5
2025-10-02,3,67.5,39513.16,0.000,0.000,0.000,0.0,8.7
2025-10-03,1,74.1,39819.95,0.000,0.000,0.000,0.0,7.3
2025-10-04,1,75.8,39600.00,0.000,0.000,0.000,0.0,9.7
2025-10-05,3,74.0,39613.67,0.000,0.000,0.000,0.0,11.7
2025-10-06,63,71.3,37131.34,0.244,0.244,0.000,5.0,10.9
2025-10-07,63,61.8,14400.00,0.571,0.571,0.000,15.0,11.6
2025-10-08,51,57.5,39596.10,0.004,0.004,0.000,1.0,9.2
2025-10-09,0,54.8,39529.56,0.000,0.000,0.000,0.0,6.2
2025-10-10,3,57.1,35816.75,0.000,0.000,0.000,0.0,8.9
2025-10-11,51,59.5,30121.08,0.004,0.004,0.000,1.0,9.8
2025-10-12,3,57.8,39328.28,0.000,0.000,0.000,0.0,8.6
2025-10-13,3,60.8,9036.40,0.000,0.000,0.000,0.0,5.9
2025-10-14,3,62.0,27041.53,0.000,0.000,0.000,0.0,9.5
2025-10-15,61,57.7,5472.23,0.165,0.165,0.000,8.0,9.2
2025-10-16,3,59.4,39055.25,0.000,0.000,0.000,0.0,7.9
2025-10-17,3,63.6,27151.82,0.000,0.000,0.000,0.0,11.4
2025-10-18,63,66.3,19519.81,0.457,0.457,0.000,12.0,11.7
2025-10-19,63,54.4,10674.07,0.634,0.634,0.000,16.0,18.4
2025-10-20,51,52.6,38557.45,0.008,0.008,0.000,1.0,13.4
2025-10-21,55,49.8,34007.81,0.094,0.094,0.000,10.0,17.8
2025-10-22,51,47.3,5201.58,0.004,0.004,0.000,1.0,16.6
2025-10-23,3,45.0,38073.72,0.000,0.000,0.000,0.0,10.2
2025-10-24,3,42.9,37913.82,0.000,0.000,0.000,0.0,5.7
2025-10-25,3,46.4,21504.95,0.000,0.000,0.000,0.0,6.2
2025-10-26,0,51.0,37596.89,0.000,0.000,0.000,0.0,10.3
2025-10-27,3,50.4,37440.15,0.000,0.000,0.000,0.0,12.1
2025-10-28,3,50.9,33925.98,0.000,0.000,0.000,0.0,13.4
2025-10-29,3,50.7,34524.73,0.000,0.000,0.000,0.0,15.9
2025-10-30,2,48.7,36868.44,0.000,0.000,0.000,0.0,10.6
2025-10-31,53,45.8,28891.78,0.031,0.031,0.000,2.0,9.7
2025-11-01,51,44.7,31684.93,0.008,0.008,0.000,2.0,6.7
2025-11-02,53,46.1,30986.99,0.071,0.071,0.000,6.0,11.3
2025-11-03,53,48.8,34629.69,0.031,0.031,0.000,1.0,12.2
2025-11-04,3,49.6,34497.37,0.000,0.000,0.000,0.0,10.9
2025-11-05,3,53.6,27217.08,0.000,0.000,0.000,0.0,12.1
2025-11-06,3,46.8,30386.14,0.000,0.000,0.000,0.0,13.5
2025-11-07,63,53.8,33450.90,0.213,0.213,0.000,8.0,14.8
2025-11-08,61,45.3,0.00,0.394,0.394,0.000,20.0,11.4
2025-11-09,73,33.9,7726.73,0.441,0.256,1.323,20.0,18.6
2025-11-10,73,30.0,26909.79,0.193,0.000,1.350,11.0,20.6
2025-11-11,3,31.3,12759.48,0.000,0.000,0.000,0.0,15.0
2025-11-12,3,43.1,33291.86,0.000,0.000,0.000,0.0,11.4
2025-11-13,3,43.5,32400.00,0.000,0.000,0.000,0.0,9.1
2025-11-14,3,51.7,32668.91,0.000,0.000,0.000,0.0,9.9
2025-11-15,3,60.2,22301.12,0.000,0.000,0.000,0.0,15.0
2025-11-16,0,43.1,32727.35,0.000,0.000,0.000,0.0,13.5
2025-11-17,3,39.5,28800.00,0.000,0.000,0.000,0.0,7.6
2025-11-18,75,41.6,0.00,0.484,0.358,0.882,9.0,11.0
2025-11-19,51,43.3,4833.74,0.004,0.004,0.000,1.0,8.3
2025-11-20,3,44.9,9848.91,0.000,0.000,0.000,0.0,7.8
2025-11-21,51,44.4,8496.53,0.016,0.016,0.000,1.0,5.3
2025-11-22,3,42.8,31009.12,0.000,0.000,0.000,0.0,12.2
2025-11-23,2,44.5,32400.00,0.000,0.000,0.000,0.0,9.3
2025-11-24,53,43.2,17808.63,0.035,0.035,0.000,3.0,8.4
2025-11-25,63,48.9,4651.43,0.248,0.248,0.000,8.0,11.4
2025-11-26,51,35.5,182.71,0.004,0.004,0.000,1.0,24.4
2025-11-27,71,30.2,21600.00,0.008,0.000,0.055,2.0,16.4
2025-11-28,3,27.5,32348.72,0.000,0.000,0.000,0.0,12.9
2025-11-29,75,28.5,0.00,0.642,0.000,4.492,19.0,15.7
2025-11-30,73,28.8,15858.91,0.110,0.004,0.744,11.0,15.7
2025-12-01,73,22.8,3831.57,0.130,0.000,0.909,9.0,7.7
2025-12-02,73,19.9,11260.31,0.028,0.000,0.193,2.0,11.0
2025-12-03,71,25.2,0.00,0.047,0.000,0.331,8.0,13.6
2025-12-04,3,13.7,29391.79,0.000,0.000,0.000,0.0,11.6
2025-12-05,3,17.0,5360.47,0.000,0.000,0.000,0.0,13.3
2025-12-06,3,28.8,7277.73,0.000,0.000,0.000,0.0,10.6
2025-12-07,75,28.9,13671.05,0.366,0.000,2.563,13.0,13.1
2025-12-08,3,20.9,29593.34,0.000,0.000,0.000,0.0,10.7
2025-12-09,73,28.9,21214.42,0.130,0.106,0.165,9.0,14.6
2025-12-10,73,32.5,6841.64,0.126,0.079,0.331,12.0,17.5
2025-12-11,3,24.5,20781.34,0.000,0.000,0.000,0.0,7.5
2025-12-12,3,26.1,21736.04,0.000,0.000,0.000,0.0,10.6
2025-12-13,71,12.8,0.00,0.043,0.000,0.303,9.0,13.4
2025-12-14,3,2.9,31448.28,0.000,0.000,0.000,0.0,13.8
2025-12-15,3,10.8,18156.20,0.000,0.000,0.000,0.0,13.0
2025-12-16,3,25.2,30884.37,0.000,0.000,0.000,0.0,13.9
2025-12-17,53,35.8,31328.19,0.024,0.024,0.000,1.0,13.9
2025-12-18,63,40.9,0.00,0.272,0.272,0.000,11.0,19.3
2025-12-19,71,17.7,26266.14,0.004,0.000,0.028,1.0,17.5
2025-12-20,3,33.6,5207.74,0.000,0.000,0.000,0.0,15.5
2025-12-21,3,26.1,31190.62,0.000,0.000,0.000,0.0,14.5
2025-12-22,51,36.6,0.00,0.004,0.004,0.000,1.0,10.7
2025-12-23,3,41.6,29501.40,0.000,0.000,0.000,0.0,8.0
2025-12-24,51,38.8,15714.36,0.012,0.012,0.000,3.0,7.3
2025-12-25,51,39.3,26216.56,0.008,0.008,0.000,1.0,12.3
2025-12-26,53,42.6,625.66,0.083,0.083,0.000,7.0,11.3
2025-12-27,51,39.5,8627.51,0.004,0.004,0.000,1.0,10.2
2025-12-28,71,46.9,0.00,1.622,1.618,0.028,18.0,19.2
2025-12-29,73,20.7,7487.77,0.087,0.000,0.606,10.0,22.8
2025-12-30,73,17.2,13095.21,0.094,0.000,0.661,9.0,11.7
2025-12-31,73,29.7,0.00,0.094,0.035,0.413,8.0,14.0
2026-01-01,71,15.7,149.20,0.016,0.000,0.110,3.0,10.4
2026-01-02,3,19.1,29871.31,0.000,0.000,0.000,0.0,8.3
2026-01-03,3,21.5,1676.43,0.000,0.000,0.000,0.0,6.0
2026-01-04,3,26.5,25338.21,0.000,0.000,0.000,0.0,10.4
2026-01-05,3,35.9,27801.32,0.000,0.000,0.000,0.0,11.5
2026-01-06,53,39.6,16251.62,0.051,0.051,0.000,4.0,8.6
2026-01-07,3,38.0,20188.58,0.000,0.000,0.000,0.0,10.5
2026-01-08,65,47.7,3878.58,0.669,0.669,0.000,6.0,27.1
2026-01-09,51,46.5,21701.00,0.004,0.004,0.000,1.0,20.3
2026-01-10,73,35.0,15917.36,0.252,0.161,0.634,11.0,12.0
2026-01-11,71,28.0,19955.37,0.008,0.000,0.055,2.0,15.5
2026-01-12,3,32.0,30118.65,0.000,0.000,0.000,0.0,12.2
2026-01-13,53,41.0,23848.24,0.031,0.031,0.000,1.0,14.7
2026-01-14,75,28.2,0.00,0.173,0.012,1.130,5.0,21.9
2026-01-15,73,18.2,31806.45,0.016,0.000,0.110,1.0,14.2
2026-01-16,73,29.1,19990.47,0.079,0.000,0.551,8.0,13.1
2026-01-17,71,15.6,23307.24,0.004,0.000,0.028,1.0,15.0
2026-01-18,71,13.9,16451.62,0.039,0.000,0.276,8.0,11.8
2026-01-19,73,6.7,31656.04,0.055,0.000,0.386,5.0,16.9
2026-01-20,3,10.7,29756.91,0.000,0.000,0.000,0.0,9.5
2026-01-21,73,26.3,22266.86,0.079,0.000,0.551,12.0,15.6
2026-01-22,71,18.7,33477.29,0.004,0.000,0.028,1.0,16.7
2026-01-23,3,-4.1,34417.62,0.000,0.000,0.000,0.0,14.3
2026-01-24,73,-0.5,2212.44,0.091,0.000,0.634,10.0,7.8
2026-01-25,73,14.2,0.00,0.217,0.000,1.516,21.0,13.8
2026-01-26,3,3.2,34789.74,0.000,0.000,0.000,0.0,15.4
2026-01-27,3,10.8,33381.39,0.000,0.000,0.000,0.0,16.0
2026-01-28,1,7.0,35051.99,0.000,0.000,0.000,0.0,10.3
2026-01-29,3,7.4,35186.78,0.000,0.000,0.000,0.0,8.5
2026-01-30,73,13.0,8123.08,0.098,0.000,0.689,14.0,12.5
2026-01-31,73,18.9,1452.71,0.118,0.016,0.717,12.0,14.7
2026-02-01,3,18.7,35542.04,0.000,0.000,0.000,0.0,10.1
2026-02-02,71,24.3,0.00,0.012,0.000,0.083,2.0,9.5
2026-02-03,3,22.5,26256.42,0.000,0.000,0.000,0.0,9.5
2026-02-04,3,22.7,0.00,0.000,0.000,0.000,0.0,10.1
2026-02-05,71,21.4,5825.04,0.024,0.000,0.165,4.0,10.4
2026-02-06,75,30.2,27366.24,0.134,0.008,0.882,7.0,15.1
2026-02-07,71,19.0,35694.61,0.004,0.000,0.055,1.0,13.3
2026-02-08,73,24.3,36000.00,0.031,0.000,0.220,3.0,9.4
2026-02-09,3,27.1,28229.07,0.000,0.000,0.000,0.0,12.0
2026-02-10,3,38.8,33440.05,0.000,0.000,0.000,0.0,13.6
2026-02-11,3,33.1,36000.00,0.000,0.000,0.000,0.0,8.5
2026-02-12,3,31.4,7000.15,0.000,0.000,0.000,0.0,4.8
2026-02-13,1,37.8,36000.00,0.000,0.000,0.000,0.0,9.4
2026-02-14,3,39.1,27060.53,0.000,0.000,0.000,0.0,8.0
2026-02-15,3,42.9,36073.45,0.000,0.000,0.000,0.0,6.9
2026-02-16,3,46.9,36033.99,0.000,0.000,0.000,0.0,12.0
2026-02-17,61,46.3,16192.43,0.165,0.165,0.000,4.0,13.1
2026-02-18,53,53.1,36276.66,0.075,0.075,0.000,5.0,13.8
2026-02-19,51,45.6,30855.31,0.008,0.008,0.000,2.0,9.2
2026-02-20,71,34.6,1641.55,0.154,0.142,0.083,5.0,20.7
2026-02-21,71,28.1,2745.17,0.020,0.000,0.165,4.0,9.0
2026-02-22,71,24.7,14827.63,0.024,0.000,0.165,5.0,12.7
2026-02-23,3,22.7,31647.44,0.000,0.000,0.000,0.0,13.6
2026-02-24,71,28.5,18035.58,0.004,0.000,0.028,1.0,14.3
2026-02-25,3,31.5,37499.57,0.000,0.000,0.000,0.0,10.7
2026-02-26,3,31.8,28972.59,0.000,0.000,0.000,0.0,7.4
2026-02-27,3,43.6,37953.93,0.000,0.000,0.000,0.0,10.4
2026-02-28,3,34.4,21725.71,0.000,0.000,0.000,0.0,14.4
2026-03-01,3,27.7,36794.99,0.000,0.000,0.000,0.0,12.8
2026-03-02,3,31.4,39259.43,0.000,0.000,0.000,0.0,7.8
2026-03-03,51,34.2,213.41,0.012,0.012,0.000,1.0,6.8
2026-03-04,55,36.0,16373.15,0.110,0.110,0.000,7.0,6.4
2026-03-05,53,41.3,0.00,0.039,0.039,0.000,3.0,4.4
2026-03-06,63,52.9,4308.35,0.291,0.291,0.000,9.0,11.2
2026-03-07,61,53.7,7200.00,0.256,0.256,0.000,8.0,17.1
2026-03-08,3,46.4,38683.64,0.000,0.000,0.000,0.0,14.1
2026-03-09,0,57.3,41343.26,0.000,0.000,0.000,0.0,13.4
2026-03-10,51,47.4,9891.06,0.012,0.012,0.000,1.0,10.5
2026-03-11,73,37.7,6492.30,0.299,0.252,0.331,12.0,14.1
2026-03-12,51,37.6,34993.23,0.004,0.004,0.000,1.0,13.3
2026-03-13,71,41.8,36604.28,0.063,0.059,0.028,5.0,26.1
2026-03-14,71,33.5,0.00,0.024,0.000,0.193,5.0,11.3
2026-03-15,63,45.4,2530.95,1.638,1.638,0.000,16.0,21.2
2026-03-16,73,26.2,18217.85,0.209,0.031,1.240,17.0,19.0
2026-03-17,3,19.5,36358.52,0.000,0.000,0.000,0.0,13.1
2026-03-18,71,32.0,24971.08,0.031,0.000,0.220,7.0,10.9
2026-03-19,61,41.1,40046.79,0.091,0.091,0.000,3.0,7.5
2026-03-20,3,50.2,34900.61,0.000,0.000,0.000,0.0,11.0
2026-03-21,3,53.5,35972.96,0.000,0.000,0.000,0.0,13.6
2026-03-22,53,43.9,16495.07,0.071,0.071,0.000,7.0,20.8
2026-03-23,51,33.4,37921.52,0.004,0.004,0.000,1.0,18.2
2026-03-24,3,37.9,40325.94,0.000,0.000,0.000,0.0,6.8
2026-03-25,3,53.0,43200.00,0.000,0.000,0.000,0.0,11.8
2026-03-26,63,50.9,29309.10,0.217,0.217,0.000,2.0,18.8
2026-03-27,71,33.9,24155.90,0.004,0.000,0.028,1.0,18.1
2026-03-28,3,37.6,43200.00,0.000,0.000,0.000,0.0,11.0
2026-03-29,3,50.5,30875.76,0.000,0.000,0.000,0.0,10.6
2026-03-30,63,64.0,43200.00,0.126,0.126,0.000,1.0,16.1
2026-03-31,61,58.8,4321.42,0.232,0.232,0.000,8.0,17.6
2026-04-01,51,38.6,11179.43,0.020,0.020,0.000,3.0,15.4
